{"val_loss": [0.9788886772261726, 0.7762236860063341, 0.856825613313251, 1.064567850695716, 0.887967919309934, 0.9045279224713644, 0.8703714228338666, 0.8880863984425863, 0.8881962580813302, 0.8941380977630615], "val_acc": [0.5822222232818604, 0.6977777745988634, 0.7244444555706449, 0.7155555685361227, 0.7600000103314718, 0.7511111232969496, 0.7644444505373637, 0.7644444439146254, 0.7600000037087334, 0.7555555635028415], "loss": [1.1995301577779982, 0.15412788693275717, 0.031444668610304316, 0.011346448404731712, 0.004250632511684671, 0.0028529031201119156, 0.0028378130454156133, 0.0012247179792784326, 0.0014512180415396062, 0.0009593288796841753], "acc": [0.5407407443832468, 0.9407407354425501, 0.9911111085503189, 0.9970370354475798, 1.0, 1.0, 1.0, 1.0, 1.0, 1.0]}