{"val_loss": [0.8216164521872997, 0.7877315818997366, 0.8609124004308667, 0.8744013107248715, 0.9257061381691268, 0.9269172236589449, 0.9448194451896208, 1.0126182830759458, 0.9916369553123202, 1.134629896442805], "val_acc": [0.6294642778645668, 0.6607142915683133, 0.7008928576750415, 0.7187499868284378, 0.7187500034591982, 0.7098214272409678, 0.7187500101115022, 0.7187500037252903, 0.7366071362048388, 0.6964285762182304], "loss": [1.0921415293980639, 0.36924965695190715, 0.12449819200440419, 0.05702539129757313, 0.02786971849837686, 0.01312302800912782, 0.010224345661859388, 0.010480530463553265, 0.008710229203581044, 0.016923790813466025], "acc": [0.5096870384077734, 0.8509686976537975, 0.9582712332289194, 0.9880774920992276, 0.9925484311740551, 1.0, 0.9985096862348111, 0.9985096862348111, 0.9970193733579178, 0.9940387471599834]}