{"val_loss": [0.9471034716282573, 0.7207687646150589, 0.8108138277062348, 0.9404146940048251, 0.812196018706475, 0.7461337842313307, 0.7646827534107226, 1.0101476167993886, 0.9803841442668012, 0.826293386119817], "val_acc": [0.5133928615333778, 0.6785714307001659, 0.6562500067853502, 0.5803571460502488, 0.6428571452519724, 0.6741071417927742, 0.7053571521703687, 0.7053571457841566, 0.7232142846499171, 0.7053571455180645], "loss": [1.0661303705678788, 0.8718897440039098, 0.661362999686541, 0.43756489027097223, 0.34593543541324834, 0.23236979729594487, 0.07925702919892068, 0.0566817769342159, 0.026250705237454566, 0.052024546942042796], "acc": [0.4307004424525444, 0.5812220582752399, 0.7138599105368073, 0.8286140107184693, 0.8628912055545699, 0.9210134090858494, 0.9836065494712171, 0.9821162388150632, 0.994038744939244, 0.9821162414799504]}