{"val_loss": [0.9010453091727363, 0.8628324468930563, 0.7545715106858147, 0.700034949514601, 0.9568411310513815, 0.7735781404707167, 1.1528117656707764, 0.9649785094790988, 1.4087465670373704, 0.8674007985326979], "val_acc": [0.5111111071374681, 0.6400000188085768, 0.6533333460489908, 0.6711111201180352, 0.6222222215599484, 0.6711111068725586, 0.6488888892862532, 0.6622222198380364, 0.666666673289405, 0.6222222248713175], "loss": [1.0776782035827637, 0.8174437681833903, 0.6649477934395825, 0.48937745447512027, 0.28708708507043346, 0.17730114953937354, 0.06634903378370735, 0.05298453095127587, 0.027021807109661126, 0.11087940692582547], "acc": [0.4400000009271834, 0.6118518511454264, 0.7170370375668561, 0.7999999986754524, 0.9022222249596207, 0.9437036955798114, 0.9851851794454787, 0.9866666595141093, 0.9911111085503189, 0.9718518477899057]}