{"val_loss": [1.0763743025991652, 1.0665522147814432, 1.0661007850964863, 1.0682557361655765, 1.0605077751742469, 1.0577527402506934, 1.0555854828092788, 1.0578958425256941, 1.0621305383311377, 1.0616649415493011], "val_acc": [0.3999999999867545, 0.3799999999668863, 0.3933333332737287, 0.4233333331644535, 0.42333333318101035, 0.4366666665474574, 0.4433333331644535, 0.40666666657063694, 0.4133333332869742, 0.4266666664481163], "loss": [1.073882778485616, 1.0412477652231853, 1.0821237961451213, 1.036016583442688, 1.0680693785349529, 1.0728199084599812, 1.0643916924794514, 1.0791345437367756, 1.067413568496704, 1.117896556854248], "acc": [0.40625, 0.4479166666666667, 0.3958333333333333, 0.53125, 0.4895833333333333, 0.3958333333333333, 0.375, 0.375, 0.3958333333333333, 0.3020833333333333]}