{"val_loss": [0.8479649629443884, 1.2048481846494334, 0.7846112555957266, 0.7448039270405259, 0.7173748454079032], "val_acc": [0.6785714376185622, 0.6294642875769308, 0.723214291036129, 0.7410714235156775, 0.7455357182770967], "loss": [1.2205145041917724, 0.16186549693440405, 0.023478673280726135, 0.008388104099237627, 0.004949637355325235], "acc": [0.5514158007373753, 0.9448584124512538, 0.994038744939244, 0.9985096862348111, 1.0]}