{"val_loss": [0.8307307594352298, 0.9083313743273417, 0.9677428205808004, 1.0414968596564398, 1.0505885663959715, 1.1092968699004915, 1.2248048053847418, 1.189384702179167, 1.2683078149954479, 1.3135086728466883], "val_acc": [0.5911111103163825, 0.6088888943195343, 0.662222209903929, 0.6488888892862532, 0.6577777796321445, 0.6622222363948822, 0.6399999989403619, 0.6755555636352963, 0.6577777763207754, 0.6888888842529721], "loss": [1.109502304483343, 0.48740616220015065, 0.1924039266175694, 0.06588318026452153, 0.029220511050273974, 0.01997653795061288, 0.012579540566851696, 0.007358667052661379, 0.018550099565699283, 0.02011363112790234], "acc": [0.5111111060336784, 0.810370370193764, 0.9318518462004485, 0.9881481439978989, 0.9940740708951596, 0.9925925908265291, 1.0, 1.0, 0.9940740731027391, 0.9940740731027391]}